{"coins":2524,"playerPosition":{"x":-3.8366522789001467,"y":0.06649327278137207,"z":-0.6516412496566773}}